sweep,run,best_val_loss,best_step,tokens_seen,elapsed_seconds,peak_memory_mib
ablations,000-baseline,1.6370630025863648,4800,39329792,242.06631047651172,2674.13232421875
ablations,001-no-rmsnorm-base-lr,9.255899047851562,0,8192,19.459702726453543,2562.44482421875
ablations,002-no-rmsnorm-retuned,7.006719541549683,3000,24584192,139.1191697511822,2562.44482421875
ablations,003-post-norm,1.6658648788928985,4800,39329792,256.3684178851545,2674.06982421875
ablations,004-no-rope,1.7469240307807923,4800,39329792,248.5309566874057,2673.97607421875
ablations,005-silu-ffn,1.6429523587226869,4600,37691392,404.53901899792254,3275.35107421875
batch256,000-batch-256-full,1.324728512763977,4900,321191936,1589.1531356107444,19115.50732421875
batch512-full,000-batch-512-sqrt-lr,1.335219258069992,2450,321257472,944.1574977105483,38091.07373046875
batch512-full,001-batch-512-linear-lr,1.3325499832630157,2450,321257472,928.1549724144861,38095.94873046875
batch512-seeds,000-batch-512-seed-123,1.3362309515476227,2450,321257472,914.2665465455502,37920.81982421875
batch512-seeds,001-batch-512-seed-2026,1.3364535868167877,2450,321257472,906.8745926246047,37921.02294921875
compile-precision,000-compile-bf16,2.080176371335983,299,9830400,41.25542226061225,9722.47607421875
compile-precision,001-eager-bf16,2.0818036615848543,299,9830400,51.583919713273644,12434.80419921875
compile-precision,002-compile-fp16,8.366617822647095,299,9830400,37.03143912367523,9722.53857421875
compile-precision,003-eager-fp16,8.7991042137146,299,9830400,51.83939884696156,12434.80419921875
extended-ablations,000-post-norm-full,1.385164839029312,38000,311304192,1821.3310914337635,2674.19482421875
extended-ablations,001-no-rope-full,1.4385869443416595,38000,311304192,1832.9032406564802,2673.97607421875
extended-ablations,002-silu-ffn-full,1.3708906292915344,39400,322772992,1838.0794643368572,2667.63232421875
final-seeds,000-baseline-seed-42,1.3728423178195954,38000,311304192,1898.657211670652,2674.25732421875
final-seeds,001-baseline-seed-123,1.372179341316223,39900,326868992,1950.074711125344,2674.00732421875
final-seeds,002-baseline-seed-2026,1.368426787853241,39500,323592192,1905.1862383056432,2674.00732421875
standalone,gpu-smoke,5.177206516265869,1,512,0.7927507273852825,20.314453125
large-batch,000-batch-128-full,1.331256204843521,9999,327680000,1690.5543068069965,9720.21044921875
lr-fine,000-lr-1e-3,2.0467293083667757,1200,9838592,68.05277877300978,2674.02294921875
lr-fine,001-lr-1.5e-3,1.986170583963394,1200,9838592,57.19982169941068,2673.94482421875
lr-fine,002-lr-2e-3,1.9705805838108064,1200,9838592,57.75492947548628,2673.94482421875
lr-fine,003-lr-3e-3,2.0151257038116457,1200,9838592,60.70397147722542,2673.94482421875
lr-fine,004-lr-5e-3,2.2779032230377196,1200,9838592,60.32717057317495,2673.94482421875
microbatch-equivalence,000-batch-128-x2,1.3305966138839722,4900,321191936,762.9835956636816,10331.16162109375
microbatch-equivalence,001-batch-64-x4,1.3299413919448853,4500,294977536,664.745133430697,7020.45849609375
microbatch-equivalence,002-batch-32-x8,1.3112298548221588,4900,321191936,738.5046752709895,4321.98193359375
standalone,no-rmsnorm-full,7.51199586391449,500,4104192,33.526211043819785,2564.33544921875
optimizer-gradient,000-clip-0.5,2.454858696460724,1200,9838592,45.883440361358225,2672.27294921875
optimizer-gradient,001-clip-2.0,2.458518993854523,1200,9838592,32.635644763708115,2672.50732421875
optimizer-gradient,002-clip-effectively-off,2.458421492576599,1200,9838592,32.74290253221989,2672.50732421875
optimizer-gradient,003-weight-decay-0,2.4536450028419496,1200,9838592,32.3629284799099,2672.50732421875
optimizer-gradient,004-beta2-0.99,2.4191010355949403,1200,9838592,32.32874158769846,2672.50732421875
optimizer-gradient,005-high-lr-clip-0.5,4.206158399581909,499,4096000,16.133955406025052,2672.50732421875
optimizer-gradient,006-high-lr-clip-1.0,4.043757534027099,75,622592,2.645809756591916,2672.50732421875
standalone,owt-final,4.1155284404754635,36750,301064192,3120.744124347344,5700.42919921875
standalone,owt-leaderboard-tied,4.097473526000977,26000,213000192,2238.8386411163956,5512.49169921875
owt-lr-tuning,000-lr-3e-4,5.7754500150680546,1220,10002432,134.9292350206524,5700.17919921875
owt-lr-tuning,001-lr-1e-3,5.2848557233810425,1220,10002432,108.37659213878214,5700.49169921875
owt-lr-tuning,002-lr-2e-3,5.199926471710205,1220,10002432,107.6828541290015,5700.49169921875
owt-lr-tuning,003-lr-3e-3,5.307031607627868,1220,10002432,108.80953012779355,5700.49169921875
standalone,owt-tiny-full,3.0806095361709596,37750,309256192,1954.0890396870673,2674.38232421875
standalone,owt-tiny-pilot,3.9738154649734496,1220,10002432,70.36094127222896,2674.02294921875
standalone,pilot,4.271365594863892,99,819200,36.82251478917897,2671.44482421875
rtx6000d-batch-probe,000-batch-256,1.9013350188732148,299,19660800,66.43430587276816,19120.19482421875
rtx6000d-batch-probe,001-batch-384,1.8168482303619384,299,29491200,97.95274665020406,28515.44482421875
rtx6000d-batch-probe,002-batch-512,1.7777159690856934,299,39321600,102.35305548179895,37908.38232421875
rtx6000d-batch-probe,003-batch-768,1.705639624595642,299,58982400,153.15699865296483,56708.41357421875
systems-probes,000-actual-batch-1,4.185811483860016,299,76800,29.636504236608744,475.4111328125
systems-probes,001-actual-batch-8,3.1932711839675902,299,614400,27.212774539366364,917.43701171875
systems-probes,002-actual-batch-16,2.9101741433143617,299,1228800,10.390321066603065,1500.92919921875
systems-probes,003-actual-batch-32,2.6107731580734255,299,2457600,15.66166652739048,2683.16357421875
systems-probes,004-actual-batch-64,2.353084921836853,299,4915200,49.63459627144039,5020.95263671875
systems-probes,005-actual-batch-128,2.0800809979438784,299,9830400,50.90406149625778,9718.11669921875
systems-probes,006-edge-lr-1e-2,2.9707102179527283,499,4096000,24.11002701893449,2683.47607421875
systems-probes,007-edge-lr-3e-2,4.244226026535034,499,4096000,24.137682104483247,2683.47607421875
systems-probes,008-edge-lr-1e-1,9.257105398178101,0,8192,0.5168898589909077,2683.47607421875
standalone,tied-embeddings-pilot,1.9078957915306092,4800,39329792,258.4776427038014,2614.31982421875
tied-full,000-tied-small-init-full,1.3594490885734558,39800,326049792,969.4208494601771,4226.36669921875
tied-full-seeds,000-tied-small-init-seed-123,1.350486934185028,39000,319496192,898.675779058598,2616.00732421875
tied-full-seeds,001-tied-small-init-seed-2026,1.3599680602550506,39999,327680000,926.3882277309895,2616.50732421875
standalone,tied-small-init-pilot,1.6149861216545105,4882,40001536,249.49901304207742,2614.31982421875
tuning,000-lr-1e-4,2.9585099101066588,1200,9838592,71.46544511429965,2674.02294921875
tuning,001-lr-2e-4,2.6194472670555116,1200,9838592,60.71190549992025,2673.94482421875
tuning,002-lr-3e-4,2.449356961250305,1200,9838592,58.45875399000943,2673.94482421875
tuning,003-lr-5e-4,2.2560592770576475,1200,9838592,59.39266268722713,2673.94482421875
tuning,004-lr-1e-3,2.0470266699790955,1200,9838592,57.727894274517894,2673.94482421875
tuning,005-batch-8,2.4125881671905516,4600,9422848,179.84403241798282,918.17138671875
tuning,006-batch-16,2.477636468410492,2300,9424896,79.08370384946465,1500.92919921875
tuning,007-batch-32,2.449347805976868,1200,9838592,61.72439749725163,2689.81982421875
tuning,008-batch-64,2.5399650931358337,610,10010624,52.27301685139537,2777.21240234375
