gopher,safety,threshold,kept,keep_rate,runtime_ms,documents_in,documents_out,characters_in,characters_out,emails_masked,phones_masked,ips_masked,rejected_gopher,rejected_quality,rejected_nsfw,rejected_toxic
False,False,0.3,160,0.4,2075.6872999481857,400,160,5944670,5721900,0,0,0,0,240,0,0
False,False,0.5,160,0.4,2086.0598001163453,400,160,5944670,5721900,0,0,0,0,240,0,0
False,False,0.7,240,0.6,2103.8895999081433,400,240,5944670,5885970,0,0,0,0,160,0,0
False,True,0.3,160,0.4,2978.1212999951094,400,160,5944670,5721900,0,0,0,0,240,0,0
False,True,0.5,160,0.4,2921.448100125417,400,160,5944670,5721900,0,0,0,0,240,0,0
False,True,0.7,240,0.6,2978.3509999979287,400,240,5944670,5885970,0,0,0,0,160,0,0
True,False,0.3,80,0.2,2777.3883999325335,400,80,5944670,5644950,0,0,0,240,80,0,0
True,False,0.5,80,0.2,2824.8610999435186,400,80,5944670,5644950,0,0,0,240,80,0,0
True,False,0.7,80,0.2,2796.7224998865277,400,80,5944670,5644950,0,0,0,240,80,0,0
True,True,0.3,80,0.2,3747.777000069618,400,80,5944670,5644950,0,0,0,240,80,0,0
True,True,0.5,80,0.2,3623.424099991098,400,80,5944670,5644950,0,0,0,240,80,0,0
True,True,0.7,80,0.2,3608.601300045848,400,80,5944670,5644950,0,0,0,240,80,0,0
