run,best_val_loss,best_step,tokens_seen,elapsed_seconds,last_tokens_per_second,peak_memory_mib
000-lr-1e-4,2.9585099101066588,1200,9838592,71.46544511429965,113115.71313655442,2674.02294921875
001-lr-2e-4,2.6194472670555116,1200,9838592,60.71190549992025,122935.29720432857,2673.94482421875
002-lr-3e-4,2.449356961250305,1200,9838592,58.45875399000943,114773.39898559812,2673.94482421875
003-lr-5e-4,2.2560592770576475,1200,9838592,59.39266268722713,123638.32571312212,2673.94482421875
004-lr-1e-3,2.0470266699790955,1200,9838592,57.727894274517894,124197.88404805974,2673.94482421875
005-batch-8,2.4125881671905516,4600,9422848,179.84403241798282,62180.95658877932,918.17138671875
006-batch-16,2.477636468410492,2300,9424896,79.08370384946465,109632.90300592831,1500.92919921875
007-batch-32,2.449347805976868,1200,9838592,61.72439749725163,121005.83224208096,2689.81982421875
008-batch-64,2.5399650931358337,610,10010624,52.27301685139537,130296.69629314485,2777.21240234375
