variant,seed,step,reward,format_reward,loss,grad_norm,entropy,response_length,clip_fraction,policy_probability
grpo,42,159,0.990234375,0.990234375,-0.07905426621437073,0.019977036863565445,0.09052275121212006,70.388671875,0.0,0.9820614457130432
grpo,123,159,0.986328125,0.986328125,-0.10769082605838776,0.02677847631275654,0.08708474040031433,72.681640625,0.0,0.982883870601654
grpo,2026,159,0.982421875,0.984375,-0.17225725948810577,0.04315543919801712,0.09087319672107697,74.341796875,0.0,0.9819720387458801
grpo,336,159,0.978515625,0.98046875,-0.21306055784225464,0.05249705910682678,0.08629071712493896,73.298828125,0.0,0.9830943942070007
grpo_constant,42,159,0.990234375,0.990234375,-0.09638698399066925,0.02416868880391121,0.09093952178955078,70.388671875,0.0,0.9819611310958862
grpo_constant,123,159,0.986328125,0.986328125,-0.1365513801574707,0.03383616358041763,0.08760697394609451,72.681640625,0.0,0.9827607870101929
grpo_constant,2026,159,0.982421875,0.984375,-0.17444270849227905,0.043503645807504654,0.08940190076828003,74.341796875,0.0,0.9823415279388428
grpo_constant,336,159,0.978515625,0.98046875,-0.20233207941055298,0.04983249306678772,0.08592890948057175,73.298828125,0.0,0.9831968545913696
drgrpo,42,159,0.986328125,0.986328125,-0.045256368815898895,0.011962891556322575,0.10665864497423172,70.388671875,0.0,0.9779427647590637
drgrpo,123,159,0.978515625,0.98046875,-0.0717589482665062,0.018798828125,0.10388220101594925,72.681640625,0.0,0.9786491990089417
drgrpo,2026,159,0.9765625,0.982421875,-0.07813692092895508,0.0205078125,0.10445412248373032,74.341796875,0.0,0.9785175919532776
drgrpo,336,159,0.970703125,0.97265625,-0.0925106555223465,0.024169921875,0.10305677354335785,73.298828125,0.0,0.9788781404495239
rft,42,159,0.98828125,0.98828125,0.021480143070220947,0.021248390898108482,0.10382213443517685,70.388671875,0.0,0.978681743144989
rft,123,159,0.978515625,0.98046875,0.021208763122558594,0.02098056860268116,0.10359629988670349,72.681640625,0.0,0.9787408709526062
rft,2026,159,0.978515625,0.984375,0.021067216992378235,0.02084205113351345,0.1030549556016922,74.341796875,0.0,0.978880763053894
rft,336,159,0.970703125,0.97265625,0.020939454436302185,0.020715221762657166,0.10321096330881119,73.298828125,0.0,0.9788403511047363
maxrl,42,159,0.958984375,0.9609375,-0.12535464763641357,0.041015625,0.1833614557981491,70.388671875,0.0,0.9554285407066345
maxrl,123,159,0.953125,0.955078125,-0.14322900772094727,0.0468749962747097,0.18345507979393005,72.681640625,0.0,0.9553709626197815
maxrl,2026,159,0.951171875,0.958984375,-0.14881864190101624,0.048828125,0.18447405099868774,74.341796875,0.0,0.9550541043281555
maxrl,336,159,0.953125,0.95703125,-0.14391693472862244,0.046875,0.18153709173202515,73.298828125,0.0,0.9559912085533142
offpolicy_grpo,42,159,0.0,0.099609375,-0.0,0.0,0.013486870564520359,70.388671875,0.0,0.001841420424170792
offpolicy_grpo,123,159,0.001953125,0.1015625,0.03532863408327103,0.02965918555855751,0.013473833911120892,72.681640625,0.0,0.001834702561609447
offpolicy_grpo,2026,159,0.001953125,0.12109375,0.035483699291944504,0.029815422371029854,0.013157501816749573,74.341796875,0.0,0.0017747882520779967
offpolicy_grpo,336,159,0.0,0.08984375,-0.0,0.0,0.012584145180881023,73.298828125,0.0,0.0016900056507438421
gspo,42,159,0.990234375,0.990234375,-0.09945254027843475,0.024161674082279205,0.08221966028213501,70.388671875,0.0,0.9840981364250183
gspo,123,159,0.986328125,0.986328125,-0.14092054963111877,0.033826325088739395,0.07903669774532318,72.681640625,0.0,0.9848358035087585
gspo,2026,159,0.982421875,0.984375,-0.1800893098115921,0.043490998446941376,0.08062803000211716,74.341796875,0.0,0.9844760298728943
gspo,336,159,0.9765625,0.978515625,-0.2290956974029541,0.054650310426950455,0.07742110639810562,73.298828125,0.0,0.9852446913719177
