implementation,dtype,causal,sequence_length,head_dimension,tensor,max_abs_error,p99_relative_error,gpu,torch_version
pytorch_flash_tiled,float32,False,128,64,output,2.682209014892578e-07,1.3317287994141225e-05,NVIDIA RTX 6000D,2.8.0+cu128
pytorch_flash_tiled,float32,False,128,64,dq,4.76837158203125e-07,1.447368867957266e-05,NVIDIA RTX 6000D,2.8.0+cu128
pytorch_flash_tiled,float32,False,128,64,dk,3.8743019104003906e-07,1.7840455257100984e-05,NVIDIA RTX 6000D,2.8.0+cu128
pytorch_flash_tiled,float32,False,128,64,dv,5.364418029785156e-07,1.7961880075745285e-05,NVIDIA RTX 6000D,2.8.0+cu128
pytorch_flash_tiled,float32,False,128,128,output,6.854534149169922e-07,3.160472260788083e-05,NVIDIA RTX 6000D,2.8.0+cu128
pytorch_flash_tiled,float32,False,128,128,dq,9.238719940185547e-07,2.881397449527867e-05,NVIDIA RTX 6000D,2.8.0+cu128
pytorch_flash_tiled,float32,False,128,128,dk,7.450580596923828e-07,2.946960557892453e-05,NVIDIA RTX 6000D,2.8.0+cu128
pytorch_flash_tiled,float32,False,128,128,dv,6.556510925292969e-07,3.038216345885303e-05,NVIDIA RTX 6000D,2.8.0+cu128
pytorch_flash_tiled,float32,False,256,64,output,3.2782554626464844e-07,1.4853736502118409e-05,NVIDIA RTX 6000D,2.8.0+cu128
pytorch_flash_tiled,float32,False,256,64,dq,7.152557373046875e-07,1.5824502042960376e-05,NVIDIA RTX 6000D,2.8.0+cu128
pytorch_flash_tiled,float32,False,256,64,dk,6.556510925292969e-07,2.1004267182433978e-05,NVIDIA RTX 6000D,2.8.0+cu128
pytorch_flash_tiled,float32,False,256,64,dv,4.172325134277344e-07,2.0252364265616052e-05,NVIDIA RTX 6000D,2.8.0+cu128
pytorch_flash_tiled,float32,False,256,128,output,1.043081283569336e-06,3.159387779305689e-05,NVIDIA RTX 6000D,2.8.0+cu128
pytorch_flash_tiled,float32,False,256,128,dq,7.227063179016113e-07,3.081443355767988e-05,NVIDIA RTX 6000D,2.8.0+cu128
pytorch_flash_tiled,float32,False,256,128,dk,9.5367431640625e-07,3.2650783396093175e-05,NVIDIA RTX 6000D,2.8.0+cu128
pytorch_flash_tiled,float32,False,256,128,dv,1.0151416063308716e-06,3.389491030247882e-05,NVIDIA RTX 6000D,2.8.0+cu128
pytorch_flash_tiled,float32,False,512,64,output,4.172325134277344e-07,1.829611210268922e-05,NVIDIA RTX 6000D,2.8.0+cu128
pytorch_flash_tiled,float32,False,512,64,dq,7.152557373046875e-07,2.143803794751875e-05,NVIDIA RTX 6000D,2.8.0+cu128
pytorch_flash_tiled,float32,False,512,64,dk,6.556510925292969e-07,2.1841788111487404e-05,NVIDIA RTX 6000D,2.8.0+cu128
pytorch_flash_tiled,float32,False,512,64,dv,4.470348358154297e-07,2.4441606001346372e-05,NVIDIA RTX 6000D,2.8.0+cu128
pytorch_flash_tiled,float32,False,512,128,output,7.152557373046875e-07,3.653707972262055e-05,NVIDIA RTX 6000D,2.8.0+cu128
pytorch_flash_tiled,float32,False,512,128,dq,9.5367431640625e-07,3.48611174558755e-05,NVIDIA RTX 6000D,2.8.0+cu128
pytorch_flash_tiled,float32,False,512,128,dk,5.066394805908203e-07,3.674502659123391e-05,NVIDIA RTX 6000D,2.8.0+cu128
pytorch_flash_tiled,float32,False,512,128,dv,6.854534149169922e-07,3.763385029742494e-05,NVIDIA RTX 6000D,2.8.0+cu128
pytorch_flash_tiled,float32,False,1024,64,output,3.5762786865234375e-07,2.3667178538744338e-05,NVIDIA RTX 6000D,2.8.0+cu128
pytorch_flash_tiled,float32,False,1024,64,dq,1.1622905731201172e-06,2.711716660996899e-05,NVIDIA RTX 6000D,2.8.0+cu128
pytorch_flash_tiled,float32,False,1024,64,dk,5.960464477539062e-07,3.095692954957485e-05,NVIDIA RTX 6000D,2.8.0+cu128
pytorch_flash_tiled,float32,False,1024,64,dv,3.725290298461914e-07,2.9922559406259097e-05,NVIDIA RTX 6000D,2.8.0+cu128
pytorch_flash_tiled,float32,False,1024,128,output,5.662441253662109e-07,4.0134258597390726e-05,NVIDIA RTX 6000D,2.8.0+cu128
pytorch_flash_tiled,float32,False,1024,128,dq,6.854534149169922e-07,3.937376823159866e-05,NVIDIA RTX 6000D,2.8.0+cu128
pytorch_flash_tiled,float32,False,1024,128,dk,5.811452865600586e-07,4.150836684857495e-05,NVIDIA RTX 6000D,2.8.0+cu128
pytorch_flash_tiled,float32,False,1024,128,dv,7.450580596923828e-07,4.1543786210240796e-05,NVIDIA RTX 6000D,2.8.0+cu128
pytorch_flash_tiled,float32,True,128,64,output,4.172325134277344e-07,1.0483387086424045e-05,NVIDIA RTX 6000D,2.8.0+cu128
pytorch_flash_tiled,float32,True,128,64,dq,5.960464477539062e-07,1.9140927179250866e-05,NVIDIA RTX 6000D,2.8.0+cu128
pytorch_flash_tiled,float32,True,128,64,dk,1.3113021850585938e-06,1.5187058124865871e-05,NVIDIA RTX 6000D,2.8.0+cu128
pytorch_flash_tiled,float32,True,128,64,dv,1.430511474609375e-06,1.4187146916810889e-05,NVIDIA RTX 6000D,2.8.0+cu128
pytorch_flash_tiled,float32,True,128,128,output,9.5367431640625e-07,2.4989240046124905e-05,NVIDIA RTX 6000D,2.8.0+cu128
pytorch_flash_tiled,float32,True,128,128,dq,1.4901161193847656e-06,8.959522529039532e-05,NVIDIA RTX 6000D,2.8.0+cu128
pytorch_flash_tiled,float32,True,128,128,dk,2.1457672119140625e-06,2.1737410861533135e-05,NVIDIA RTX 6000D,2.8.0+cu128
pytorch_flash_tiled,float32,True,128,128,dv,1.9073486328125e-06,2.3867267373134382e-05,NVIDIA RTX 6000D,2.8.0+cu128
pytorch_flash_tiled,float32,True,256,64,output,7.152557373046875e-07,1.2355274520814419e-05,NVIDIA RTX 6000D,2.8.0+cu128
pytorch_flash_tiled,float32,True,256,64,dq,5.960464477539062e-07,1.647973112994805e-05,NVIDIA RTX 6000D,2.8.0+cu128
pytorch_flash_tiled,float32,True,256,64,dk,1.5497207641601562e-06,1.7599390048417263e-05,NVIDIA RTX 6000D,2.8.0+cu128
pytorch_flash_tiled,float32,True,256,64,dv,4.76837158203125e-06,1.4526809536619112e-05,NVIDIA RTX 6000D,2.8.0+cu128
pytorch_flash_tiled,float32,True,256,128,output,1.0728836059570312e-06,2.704804683162365e-05,NVIDIA RTX 6000D,2.8.0+cu128
pytorch_flash_tiled,float32,True,256,128,dq,8.344650268554688e-07,3.811512215179391e-05,NVIDIA RTX 6000D,2.8.0+cu128
pytorch_flash_tiled,float32,True,256,128,dk,3.0994415283203125e-06,2.8092999855289236e-05,NVIDIA RTX 6000D,2.8.0+cu128
pytorch_flash_tiled,float32,True,256,128,dv,3.814697265625e-06,2.5685547370812856e-05,NVIDIA RTX 6000D,2.8.0+cu128
pytorch_flash_tiled,float32,True,512,64,output,4.76837158203125e-07,1.4138980077404995e-05,NVIDIA RTX 6000D,2.8.0+cu128
pytorch_flash_tiled,float32,True,512,64,dq,7.152557373046875e-07,1.9380142475711182e-05,NVIDIA RTX 6000D,2.8.0+cu128
pytorch_flash_tiled,float32,True,512,64,dk,2.7418136596679688e-06,2.054811739071738e-05,NVIDIA RTX 6000D,2.8.0+cu128
pytorch_flash_tiled,float32,True,512,64,dv,5.4836273193359375e-06,1.966468698810786e-05,NVIDIA RTX 6000D,2.8.0+cu128
pytorch_flash_tiled,float32,True,512,128,output,1.0132789611816406e-06,3.20086874125991e-05,NVIDIA RTX 6000D,2.8.0+cu128
pytorch_flash_tiled,float32,True,512,128,dq,8.940696716308594e-07,3.540091711329296e-05,NVIDIA RTX 6000D,2.8.0+cu128
pytorch_flash_tiled,float32,True,512,128,dk,4.5299530029296875e-06,3.117063533863984e-05,NVIDIA RTX 6000D,2.8.0+cu128
pytorch_flash_tiled,float32,True,512,128,dv,6.198883056640625e-06,3.110884063062258e-05,NVIDIA RTX 6000D,2.8.0+cu128
pytorch_flash_tiled,float32,True,1024,64,output,4.172325134277344e-07,1.7883618056657724e-05,NVIDIA RTX 6000D,2.8.0+cu128
pytorch_flash_tiled,float32,True,1024,64,dq,6.556510925292969e-07,2.2845373678137548e-05,NVIDIA RTX 6000D,2.8.0+cu128
pytorch_flash_tiled,float32,True,1024,64,dk,2.86102294921875e-06,2.3674019757891074e-05,NVIDIA RTX 6000D,2.8.0+cu128
pytorch_flash_tiled,float32,True,1024,64,dv,4.76837158203125e-06,2.301552740391344e-05,NVIDIA RTX 6000D,2.8.0+cu128
pytorch_flash_tiled,float32,True,1024,128,output,9.387731552124023e-07,3.284428748884238e-05,NVIDIA RTX 6000D,2.8.0+cu128
pytorch_flash_tiled,float32,True,1024,128,dq,1.1042342293876573e-06,3.6529640055960044e-05,NVIDIA RTX 6000D,2.8.0+cu128
pytorch_flash_tiled,float32,True,1024,128,dk,6.198883056640625e-06,3.365373413544148e-05,NVIDIA RTX 6000D,2.8.0+cu128
pytorch_flash_tiled,float32,True,1024,128,dv,9.5367431640625e-06,3.5643890441861004e-05,NVIDIA RTX 6000D,2.8.0+cu128
pytorch_flash_tiled,bfloat16,False,128,64,output,6.103515625e-05,0.0,NVIDIA RTX 6000D,2.8.0+cu128
pytorch_flash_tiled,bfloat16,False,128,64,dq,0.001953125,0.0148336011916399,NVIDIA RTX 6000D,2.8.0+cu128
pytorch_flash_tiled,bfloat16,False,128,64,dk,0.00390625,0.014950862154364586,NVIDIA RTX 6000D,2.8.0+cu128
pytorch_flash_tiled,bfloat16,False,128,64,dv,0.0009765625,0.0,NVIDIA RTX 6000D,2.8.0+cu128
pytorch_flash_tiled,bfloat16,False,128,128,output,0.00048828125,0.0,NVIDIA RTX 6000D,2.8.0+cu128
pytorch_flash_tiled,bfloat16,False,128,128,dq,0.001953125,0.01507519744336605,NVIDIA RTX 6000D,2.8.0+cu128
pytorch_flash_tiled,bfloat16,False,128,128,dk,0.00390625,0.016877543181180954,NVIDIA RTX 6000D,2.8.0+cu128
pytorch_flash_tiled,bfloat16,False,128,128,dv,0.0009765625,0.0,NVIDIA RTX 6000D,2.8.0+cu128
pytorch_flash_tiled,bfloat16,False,256,64,output,6.103515625e-05,0.0,NVIDIA RTX 6000D,2.8.0+cu128
pytorch_flash_tiled,bfloat16,False,256,64,dq,0.001953125,0.013636201620101929,NVIDIA RTX 6000D,2.8.0+cu128
pytorch_flash_tiled,bfloat16,False,256,64,dk,0.001953125,0.012847814708948135,NVIDIA RTX 6000D,2.8.0+cu128
pytorch_flash_tiled,bfloat16,False,256,64,dv,0.000244140625,0.0,NVIDIA RTX 6000D,2.8.0+cu128
pytorch_flash_tiled,bfloat16,False,256,128,output,0.000244140625,0.0,NVIDIA RTX 6000D,2.8.0+cu128
pytorch_flash_tiled,bfloat16,False,256,128,dq,0.001953125,0.012269938364624977,NVIDIA RTX 6000D,2.8.0+cu128
pytorch_flash_tiled,bfloat16,False,256,128,dk,0.001953125,0.012439172714948654,NVIDIA RTX 6000D,2.8.0+cu128
pytorch_flash_tiled,bfloat16,False,256,128,dv,0.0009765625,0.0,NVIDIA RTX 6000D,2.8.0+cu128
pytorch_flash_tiled,bfloat16,False,512,64,output,0.00048828125,0.0,NVIDIA RTX 6000D,2.8.0+cu128
pytorch_flash_tiled,bfloat16,False,512,64,dq,0.001953125,0.013866637833416462,NVIDIA RTX 6000D,2.8.0+cu128
pytorch_flash_tiled,bfloat16,False,512,64,dk,0.001953125,0.00800000037997961,NVIDIA RTX 6000D,2.8.0+cu128
pytorch_flash_tiled,bfloat16,False,512,64,dv,0.00048828125,0.0,NVIDIA RTX 6000D,2.8.0+cu128
pytorch_flash_tiled,bfloat16,False,512,128,output,0.0009765625,0.0,NVIDIA RTX 6000D,2.8.0+cu128
pytorch_flash_tiled,bfloat16,False,512,128,dq,0.001953125,0.010526316240429878,NVIDIA RTX 6000D,2.8.0+cu128
pytorch_flash_tiled,bfloat16,False,512,128,dk,0.001953125,0.008064515888690948,NVIDIA RTX 6000D,2.8.0+cu128
pytorch_flash_tiled,bfloat16,False,512,128,dv,0.00048828125,0.0,NVIDIA RTX 6000D,2.8.0+cu128
pytorch_flash_tiled,bfloat16,False,1024,64,output,0.00048828125,0.0,NVIDIA RTX 6000D,2.8.0+cu128
pytorch_flash_tiled,bfloat16,False,1024,64,dq,0.0009765625,0.012121211737394333,NVIDIA RTX 6000D,2.8.0+cu128
pytorch_flash_tiled,bfloat16,False,1024,64,dk,0.0009765625,0.007407407276332378,NVIDIA RTX 6000D,2.8.0+cu128
pytorch_flash_tiled,bfloat16,False,1024,64,dv,0.0009765625,0.0,NVIDIA RTX 6000D,2.8.0+cu128
pytorch_flash_tiled,bfloat16,False,1024,128,output,0.00048828125,0.0,NVIDIA RTX 6000D,2.8.0+cu128
pytorch_flash_tiled,bfloat16,False,1024,128,dq,0.00390625,0.008438818156719208,NVIDIA RTX 6000D,2.8.0+cu128
pytorch_flash_tiled,bfloat16,False,1024,128,dk,0.0009765625,0.007407407276332378,NVIDIA RTX 6000D,2.8.0+cu128
pytorch_flash_tiled,bfloat16,False,1024,128,dv,0.00048828125,0.0,NVIDIA RTX 6000D,2.8.0+cu128
pytorch_flash_tiled,bfloat16,True,128,64,output,1.9073486328125e-06,0.0,NVIDIA RTX 6000D,2.8.0+cu128
pytorch_flash_tiled,bfloat16,True,128,64,dq,0.0078125,0.04811428487300873,NVIDIA RTX 6000D,2.8.0+cu128
pytorch_flash_tiled,bfloat16,True,128,64,dk,0.0078125,0.0229447390884161,NVIDIA RTX 6000D,2.8.0+cu128
pytorch_flash_tiled,bfloat16,True,128,64,dv,3.814697265625e-06,0.0,NVIDIA RTX 6000D,2.8.0+cu128
pytorch_flash_tiled,bfloat16,True,128,128,output,0.00048828125,0.0,NVIDIA RTX 6000D,2.8.0+cu128
pytorch_flash_tiled,bfloat16,True,128,128,dq,0.015625,0.024096384644508362,NVIDIA RTX 6000D,2.8.0+cu128
pytorch_flash_tiled,bfloat16,True,128,128,dk,0.015625,0.02448979578912258,NVIDIA RTX 6000D,2.8.0+cu128
pytorch_flash_tiled,bfloat16,True,128,128,dv,0.00390625,0.0,NVIDIA RTX 6000D,2.8.0+cu128
pytorch_flash_tiled,bfloat16,True,256,64,output,0.0009765625,0.0,NVIDIA RTX 6000D,2.8.0+cu128
pytorch_flash_tiled,bfloat16,True,256,64,dq,0.0078125,0.024057580158114433,NVIDIA RTX 6000D,2.8.0+cu128
pytorch_flash_tiled,bfloat16,True,256,64,dk,0.0078125,0.015625,NVIDIA RTX 6000D,2.8.0+cu128
pytorch_flash_tiled,bfloat16,True,256,64,dv,0.001953125,0.0,NVIDIA RTX 6000D,2.8.0+cu128
pytorch_flash_tiled,bfloat16,True,256,128,output,0.001953125,0.0,NVIDIA RTX 6000D,2.8.0+cu128
pytorch_flash_tiled,bfloat16,True,256,128,dq,0.015625,0.01875000074505806,NVIDIA RTX 6000D,2.8.0+cu128
pytorch_flash_tiled,bfloat16,True,256,128,dk,0.015625,0.016949152573943138,NVIDIA RTX 6000D,2.8.0+cu128
pytorch_flash_tiled,bfloat16,True,256,128,dv,0.0009765625,0.0,NVIDIA RTX 6000D,2.8.0+cu128
pytorch_flash_tiled,bfloat16,True,512,64,output,0.000244140625,0.0,NVIDIA RTX 6000D,2.8.0+cu128
pytorch_flash_tiled,bfloat16,True,512,64,dq,0.00555419921875,0.01875000074505806,NVIDIA RTX 6000D,2.8.0+cu128
pytorch_flash_tiled,bfloat16,True,512,64,dk,0.0078125,0.01342281885445118,NVIDIA RTX 6000D,2.8.0+cu128
pytorch_flash_tiled,bfloat16,True,512,64,dv,0.001953125,0.0,NVIDIA RTX 6000D,2.8.0+cu128
pytorch_flash_tiled,bfloat16,True,512,128,output,0.0009765625,0.0,NVIDIA RTX 6000D,2.8.0+cu128
pytorch_flash_tiled,bfloat16,True,512,128,dq,0.015625,0.014925372786819935,NVIDIA RTX 6000D,2.8.0+cu128
pytorch_flash_tiled,bfloat16,True,512,128,dk,0.015625,0.012422360479831696,NVIDIA RTX 6000D,2.8.0+cu128
pytorch_flash_tiled,bfloat16,True,512,128,dv,0.00390625,0.0,NVIDIA RTX 6000D,2.8.0+cu128
pytorch_flash_tiled,bfloat16,True,1024,64,output,0.0009765625,0.0,NVIDIA RTX 6000D,2.8.0+cu128
pytorch_flash_tiled,bfloat16,True,1024,64,dq,0.0078125,0.014563106931746006,NVIDIA RTX 6000D,2.8.0+cu128
pytorch_flash_tiled,bfloat16,True,1024,64,dk,0.0078125,0.009102907963097095,NVIDIA RTX 6000D,2.8.0+cu128
pytorch_flash_tiled,bfloat16,True,1024,64,dv,0.0009765625,0.0,NVIDIA RTX 6000D,2.8.0+cu128
pytorch_flash_tiled,bfloat16,True,1024,128,output,0.0009765625,0.0,NVIDIA RTX 6000D,2.8.0+cu128
pytorch_flash_tiled,bfloat16,True,1024,128,dq,0.015625,0.012987012974917889,NVIDIA RTX 6000D,2.8.0+cu128
pytorch_flash_tiled,bfloat16,True,1024,128,dk,0.015625,0.008333333767950535,NVIDIA RTX 6000D,2.8.0+cu128
pytorch_flash_tiled,bfloat16,True,1024,128,dv,0.0009765625,0.0,NVIDIA RTX 6000D,2.8.0+cu128
triton_flash,float32,False,128,64,output,0.0016363859176635742,0.041441790759563446,NVIDIA RTX 6000D,2.8.0+cu128
triton_flash,float32,False,128,64,dq,0.0010652244091033936,0.010158822871744633,NVIDIA RTX 6000D,2.8.0+cu128
triton_flash,float32,False,128,64,dk,0.000904381275177002,0.018094630911946297,NVIDIA RTX 6000D,2.8.0+cu128
triton_flash,float32,False,128,64,dv,0.0011704564094543457,0.013375355862081051,NVIDIA RTX 6000D,2.8.0+cu128
triton_flash,float32,False,128,128,output,0.0011191368103027344,0.04324531927704811,NVIDIA RTX 6000D,2.8.0+cu128
triton_flash,float32,False,128,128,dq,0.0009098052978515625,0.010476498864591122,NVIDIA RTX 6000D,2.8.0+cu128
triton_flash,float32,False,128,128,dk,0.0009462833404541016,0.015438524074852467,NVIDIA RTX 6000D,2.8.0+cu128
triton_flash,float32,False,128,128,dv,0.0006774067878723145,0.009620817378163338,NVIDIA RTX 6000D,2.8.0+cu128
triton_flash,float32,False,256,64,output,0.001632392406463623,0.038389839231967926,NVIDIA RTX 6000D,2.8.0+cu128
triton_flash,float32,False,256,64,dq,0.0021317005157470703,0.010644640773534775,NVIDIA RTX 6000D,2.8.0+cu128
triton_flash,float32,False,256,64,dk,0.0020296573638916016,0.0137890400364995,NVIDIA RTX 6000D,2.8.0+cu128
triton_flash,float32,False,256,64,dv,0.0012216567993164062,0.010276866145431995,NVIDIA RTX 6000D,2.8.0+cu128
triton_flash,float32,False,256,128,output,0.0011304616928100586,0.04291148856282234,NVIDIA RTX 6000D,2.8.0+cu128
triton_flash,float32,False,256,128,dq,0.0006580352783203125,0.008757311850786209,NVIDIA RTX 6000D,2.8.0+cu128
triton_flash,float32,False,256,128,dk,0.0007725954055786133,0.012667392380535603,NVIDIA RTX 6000D,2.8.0+cu128
triton_flash,float32,False,256,128,dv,0.0006721615791320801,0.009335595183074474,NVIDIA RTX 6000D,2.8.0+cu128
triton_flash,float32,False,512,64,output,0.0011700838804244995,0.04373708739876747,NVIDIA RTX 6000D,2.8.0+cu128
triton_flash,float32,False,512,64,dq,0.0016455650329589844,0.010350060649216175,NVIDIA RTX 6000D,2.8.0+cu128
triton_flash,float32,False,512,64,dk,0.0012966394424438477,0.011597869917750359,NVIDIA RTX 6000D,2.8.0+cu128
triton_flash,float32,False,512,64,dv,0.0006986260414123535,0.010425114072859287,NVIDIA RTX 6000D,2.8.0+cu128
triton_flash,float32,False,512,128,output,0.0008820295333862305,0.042834408581256866,NVIDIA RTX 6000D,2.8.0+cu128
triton_flash,float32,False,512,128,dq,0.000476837158203125,0.008427298627793789,NVIDIA RTX 6000D,2.8.0+cu128
triton_flash,float32,False,512,128,dk,0.0004627704620361328,0.010429398156702518,NVIDIA RTX 6000D,2.8.0+cu128
triton_flash,float32,False,512,128,dv,0.00039759278297424316,0.007785260211676359,NVIDIA RTX 6000D,2.8.0+cu128
triton_flash,float32,False,1024,64,output,0.0010100454092025757,0.04482167586684227,NVIDIA RTX 6000D,2.8.0+cu128
triton_flash,float32,False,1024,64,dq,0.0006309449672698975,0.010065404698252678,NVIDIA RTX 6000D,2.8.0+cu128
triton_flash,float32,False,1024,64,dk,0.0005667805671691895,0.010822869837284088,NVIDIA RTX 6000D,2.8.0+cu128
triton_flash,float32,False,1024,64,dv,0.00036972761154174805,0.009110172279179096,NVIDIA RTX 6000D,2.8.0+cu128
triton_flash,float32,False,1024,128,output,0.0012444555759429932,0.04545675218105316,NVIDIA RTX 6000D,2.8.0+cu128
triton_flash,float32,False,1024,128,dq,0.0010447502136230469,0.007671092636883259,NVIDIA RTX 6000D,2.8.0+cu128
triton_flash,float32,False,1024,128,dk,0.0008172690868377686,0.00836121290922165,NVIDIA RTX 6000D,2.8.0+cu128
triton_flash,float32,False,1024,128,dv,0.000590890645980835,0.006663916632533073,NVIDIA RTX 6000D,2.8.0+cu128
triton_flash,float32,True,128,64,output,0.0020303726196289062,0.03679323568940163,NVIDIA RTX 6000D,2.8.0+cu128
triton_flash,float32,True,128,64,dq,0.002888798713684082,0.07237458974123001,NVIDIA RTX 6000D,2.8.0+cu128
triton_flash,float32,True,128,64,dk,0.003976225852966309,0.020704030990600586,NVIDIA RTX 6000D,2.8.0+cu128
triton_flash,float32,True,128,64,dv,0.009046554565429688,0.014228634536266327,NVIDIA RTX 6000D,2.8.0+cu128
triton_flash,float32,True,128,128,output,0.0025707483291625977,0.034365568310022354,NVIDIA RTX 6000D,2.8.0+cu128
triton_flash,float32,True,128,128,dq,0.004577338695526123,0.07421401888132095,NVIDIA RTX 6000D,2.8.0+cu128
triton_flash,float32,True,128,128,dk,0.004439711570739746,0.018609952181577682,NVIDIA RTX 6000D,2.8.0+cu128
triton_flash,float32,True,128,128,dv,0.0047986507415771484,0.010957770980894566,NVIDIA RTX 6000D,2.8.0+cu128
triton_flash,float32,True,256,64,output,0.0023698806762695312,0.03917516767978668,NVIDIA RTX 6000D,2.8.0+cu128
triton_flash,float32,True,256,64,dq,0.0031969547271728516,0.022831860929727554,NVIDIA RTX 6000D,2.8.0+cu128
triton_flash,float32,True,256,64,dk,0.0032846927642822266,0.016005726531147957,NVIDIA RTX 6000D,2.8.0+cu128
triton_flash,float32,True,256,64,dv,0.003925323486328125,0.010397346690297127,NVIDIA RTX 6000D,2.8.0+cu128
triton_flash,float32,True,256,128,output,0.0025707483291625977,0.03698015585541725,NVIDIA RTX 6000D,2.8.0+cu128
triton_flash,float32,True,256,128,dq,0.0020576119422912598,0.020632194355130196,NVIDIA RTX 6000D,2.8.0+cu128
triton_flash,float32,True,256,128,dk,0.0039577484130859375,0.016737593337893486,NVIDIA RTX 6000D,2.8.0+cu128
triton_flash,float32,True,256,128,dv,0.004594326019287109,0.009358719922602177,NVIDIA RTX 6000D,2.8.0+cu128
triton_flash,float32,True,512,64,output,0.002145051956176758,0.03969254717230797,NVIDIA RTX 6000D,2.8.0+cu128
triton_flash,float32,True,512,64,dq,0.0026687979698181152,0.014662927947938442,NVIDIA RTX 6000D,2.8.0+cu128
triton_flash,float32,True,512,64,dk,0.0026476383209228516,0.014816691167652607,NVIDIA RTX 6000D,2.8.0+cu128
triton_flash,float32,True,512,64,dv,0.0024824142456054688,0.011156938970088959,NVIDIA RTX 6000D,2.8.0+cu128
triton_flash,float32,True,512,128,output,0.0025707483291625977,0.042484041303396225,NVIDIA RTX 6000D,2.8.0+cu128
triton_flash,float32,True,512,128,dq,0.0023815035820007324,0.013368647545576096,NVIDIA RTX 6000D,2.8.0+cu128
triton_flash,float32,True,512,128,dk,0.0038262605667114258,0.013277657330036163,NVIDIA RTX 6000D,2.8.0+cu128
triton_flash,float32,True,512,128,dv,0.006259918212890625,0.008717885240912437,NVIDIA RTX 6000D,2.8.0+cu128
triton_flash,float32,True,1024,64,output,0.002067863941192627,0.041223879903554916,NVIDIA RTX 6000D,2.8.0+cu128
triton_flash,float32,True,1024,64,dq,0.0032007694244384766,0.012572533451020718,NVIDIA RTX 6000D,2.8.0+cu128
triton_flash,float32,True,1024,64,dk,0.0032548904418945312,0.012494251132011414,NVIDIA RTX 6000D,2.8.0+cu128
triton_flash,float32,True,1024,64,dv,0.002858400344848633,0.009817165322601795,NVIDIA RTX 6000D,2.8.0+cu128
triton_flash,float32,True,1024,128,output,0.0025707483291625977,0.040035441517829895,NVIDIA RTX 6000D,2.8.0+cu128
triton_flash,float32,True,1024,128,dq,0.004540205001831055,0.010351799428462982,NVIDIA RTX 6000D,2.8.0+cu128
triton_flash,float32,True,1024,128,dk,0.004941225051879883,0.010591319762170315,NVIDIA RTX 6000D,2.8.0+cu128
triton_flash,float32,True,1024,128,dv,0.004932880401611328,0.007799544837325811,NVIDIA RTX 6000D,2.8.0+cu128
triton_flash,bfloat16,False,128,64,output,0.00390625,0.08074283599853516,NVIDIA RTX 6000D,2.8.0+cu128
triton_flash,bfloat16,False,128,64,dq,0.001953125,0.018409712240099907,NVIDIA RTX 6000D,2.8.0+cu128
triton_flash,bfloat16,False,128,64,dk,0.00390625,0.019999999552965164,NVIDIA RTX 6000D,2.8.0+cu128
triton_flash,bfloat16,False,128,64,dv,0.0009765625,0.0,NVIDIA RTX 6000D,2.8.0+cu128
triton_flash,bfloat16,False,128,128,output,0.00390625,0.08733537048101425,NVIDIA RTX 6000D,2.8.0+cu128
triton_flash,bfloat16,False,128,128,dq,0.00390625,0.020156605169177055,NVIDIA RTX 6000D,2.8.0+cu128
triton_flash,bfloat16,False,128,128,dk,0.00390625,0.02192428521811962,NVIDIA RTX 6000D,2.8.0+cu128
triton_flash,bfloat16,False,128,128,dv,0.0009765625,0.0,NVIDIA RTX 6000D,2.8.0+cu128
triton_flash,bfloat16,False,256,64,output,0.001953125,0.08452457189559937,NVIDIA RTX 6000D,2.8.0+cu128
triton_flash,bfloat16,False,256,64,dq,0.001953125,0.017175376415252686,NVIDIA RTX 6000D,2.8.0+cu128
triton_flash,bfloat16,False,256,64,dk,0.001953125,0.013636363670229912,NVIDIA RTX 6000D,2.8.0+cu128
triton_flash,bfloat16,False,256,64,dv,0.00048828125,0.0,NVIDIA RTX 6000D,2.8.0+cu128
triton_flash,bfloat16,False,256,128,output,0.001953125,0.0784313753247261,NVIDIA RTX 6000D,2.8.0+cu128
triton_flash,bfloat16,False,256,128,dq,0.001953125,0.014084506779909134,NVIDIA RTX 6000D,2.8.0+cu128
triton_flash,bfloat16,False,256,128,dk,0.001953125,0.013676982372999191,NVIDIA RTX 6000D,2.8.0+cu128
triton_flash,bfloat16,False,256,128,dv,0.0009765625,0.0,NVIDIA RTX 6000D,2.8.0+cu128
triton_flash,bfloat16,False,512,64,output,0.001953125,0.08586157858371735,NVIDIA RTX 6000D,2.8.0+cu128
triton_flash,bfloat16,False,512,64,dq,0.001953125,0.016452202573418617,NVIDIA RTX 6000D,2.8.0+cu128
triton_flash,bfloat16,False,512,64,dk,0.001953125,0.010790604166686535,NVIDIA RTX 6000D,2.8.0+cu128
triton_flash,bfloat16,False,512,64,dv,0.00048828125,0.0,NVIDIA RTX 6000D,2.8.0+cu128
triton_flash,bfloat16,False,512,128,output,0.001953125,0.09333333373069763,NVIDIA RTX 6000D,2.8.0+cu128
triton_flash,bfloat16,False,512,128,dq,0.001953125,0.013333333656191826,NVIDIA RTX 6000D,2.8.0+cu128
triton_flash,bfloat16,False,512,128,dk,0.001953125,0.01088673435151577,NVIDIA RTX 6000D,2.8.0+cu128
triton_flash,bfloat16,False,512,128,dv,0.00048828125,0.0,NVIDIA RTX 6000D,2.8.0+cu128
triton_flash,bfloat16,False,1024,64,output,0.0009765625,0.09090909361839294,NVIDIA RTX 6000D,2.8.0+cu128
triton_flash,bfloat16,False,1024,64,dq,0.0009765625,0.01587301678955555,NVIDIA RTX 6000D,2.8.0+cu128
triton_flash,bfloat16,False,1024,64,dk,0.0009765625,0.0078125,NVIDIA RTX 6000D,2.8.0+cu128
triton_flash,bfloat16,False,1024,64,dv,0.0009765625,0.0,NVIDIA RTX 6000D,2.8.0+cu128
triton_flash,bfloat16,False,1024,128,output,0.0009765625,0.09162063896656036,NVIDIA RTX 6000D,2.8.0+cu128
triton_flash,bfloat16,False,1024,128,dq,0.0009765625,0.012422360479831696,NVIDIA RTX 6000D,2.8.0+cu128
triton_flash,bfloat16,False,1024,128,dk,0.0009765625,0.007751937955617905,NVIDIA RTX 6000D,2.8.0+cu128
triton_flash,bfloat16,False,1024,128,dv,0.0009765625,0.0,NVIDIA RTX 6000D,2.8.0+cu128
triton_flash,bfloat16,True,128,64,output,0.0078125,0.081004798412323,NVIDIA RTX 6000D,2.8.0+cu128
triton_flash,bfloat16,True,128,64,dq,0.0078125,0.06503693759441376,NVIDIA RTX 6000D,2.8.0+cu128
triton_flash,bfloat16,True,128,64,dk,0.009765625,0.031586017459630966,NVIDIA RTX 6000D,2.8.0+cu128
triton_flash,bfloat16,True,128,64,dv,1.9073486328125e-06,0.0,NVIDIA RTX 6000D,2.8.0+cu128
triton_flash,bfloat16,True,128,128,output,0.0078125,0.07802560925483704,NVIDIA RTX 6000D,2.8.0+cu128
triton_flash,bfloat16,True,128,128,dq,0.015625,0.03194298595190048,NVIDIA RTX 6000D,2.8.0+cu128
triton_flash,bfloat16,True,128,128,dk,0.015625,0.027027027681469917,NVIDIA RTX 6000D,2.8.0+cu128
triton_flash,bfloat16,True,128,128,dv,0.00048828125,0.0,NVIDIA RTX 6000D,2.8.0+cu128
triton_flash,bfloat16,True,256,64,output,0.0078125,0.0776699036359787,NVIDIA RTX 6000D,2.8.0+cu128
triton_flash,bfloat16,True,256,64,dq,0.0078125,0.02985074557363987,NVIDIA RTX 6000D,2.8.0+cu128
triton_flash,bfloat16,True,256,64,dk,0.009765625,0.02083333395421505,NVIDIA RTX 6000D,2.8.0+cu128
triton_flash,bfloat16,True,256,64,dv,0.0009765625,0.0,NVIDIA RTX 6000D,2.8.0+cu128
triton_flash,bfloat16,True,256,128,output,0.0078125,0.07962673157453537,NVIDIA RTX 6000D,2.8.0+cu128
triton_flash,bfloat16,True,256,128,dq,0.015625,0.021224504336714745,NVIDIA RTX 6000D,2.8.0+cu128
triton_flash,bfloat16,True,256,128,dk,0.015625,0.021739130839705467,NVIDIA RTX 6000D,2.8.0+cu128
triton_flash,bfloat16,True,256,128,dv,0.0009765625,0.0,NVIDIA RTX 6000D,2.8.0+cu128
triton_flash,bfloat16,True,512,64,output,0.0078125,0.08241758495569229,NVIDIA RTX 6000D,2.8.0+cu128
triton_flash,bfloat16,True,512,64,dq,0.0078125,0.024355914443731308,NVIDIA RTX 6000D,2.8.0+cu128
triton_flash,bfloat16,True,512,64,dk,0.0078125,0.017391303554177284,NVIDIA RTX 6000D,2.8.0+cu128
triton_flash,bfloat16,True,512,64,dv,0.001953125,0.0,NVIDIA RTX 6000D,2.8.0+cu128
triton_flash,bfloat16,True,512,128,output,0.0078125,0.09160305559635162,NVIDIA RTX 6000D,2.8.0+cu128
triton_flash,bfloat16,True,512,128,dq,0.015625,0.017937220633029938,NVIDIA RTX 6000D,2.8.0+cu128
triton_flash,bfloat16,True,512,128,dk,0.015625,0.015384615398943424,NVIDIA RTX 6000D,2.8.0+cu128
triton_flash,bfloat16,True,512,128,dv,0.001953125,0.0,NVIDIA RTX 6000D,2.8.0+cu128
triton_flash,bfloat16,True,1024,64,output,0.0078125,0.08590567857027054,NVIDIA RTX 6000D,2.8.0+cu128
triton_flash,bfloat16,True,1024,64,dq,0.0078125,0.01923076994717121,NVIDIA RTX 6000D,2.8.0+cu128
triton_flash,bfloat16,True,1024,64,dk,0.0078125,0.012269938364624977,NVIDIA RTX 6000D,2.8.0+cu128
triton_flash,bfloat16,True,1024,64,dv,0.00390625,0.0,NVIDIA RTX 6000D,2.8.0+cu128
triton_flash,bfloat16,True,1024,128,output,0.0078125,0.08441558480262756,NVIDIA RTX 6000D,2.8.0+cu128
triton_flash,bfloat16,True,1024,128,dq,0.015625,0.015463917516171932,NVIDIA RTX 6000D,2.8.0+cu128
triton_flash,bfloat16,True,1024,128,dk,0.015625,0.0117647061124444,NVIDIA RTX 6000D,2.8.0+cu128
triton_flash,bfloat16,True,1024,128,dv,0.001953125,0.0,NVIDIA RTX 6000D,2.8.0+cu128
