model_size,batch_size,sequence_length,segments,mean_ms,std_ms,peak_memory_mib,status,warmup,repetitions,gpu,torch_version
large,2,512,0,125.57354513555765,0.25270555973081354,11380.73828125,ok,2,5,NVIDIA RTX 6000D,2.8.0+cu128
large,2,512,4,168.8716659322381,33.690082650130094,8602.806640625,ok,2,5,NVIDIA RTX 6000D,2.8.0+cu128
large,2,512,12,162.88638841360807,2.93674087133078,7971.537109375,ok,2,5,NVIDIA RTX 6000D,2.8.0+cu128
large,2,512,36,167.61474441736937,1.8654175979047645,7759.572265625,ok,2,5,NVIDIA RTX 6000D,2.8.0+cu128
large,2,1024,0,303.6461738869548,0.2493674898117803,21712.625,ok,2,5,NVIDIA RTX 6000D,2.8.0+cu128
large,2,1024,4,373.7789375707507,0.38707377140500593,11559.373046875,ok,2,5,NVIDIA RTX 6000D,2.8.0+cu128
large,2,1024,12,388.43076433986425,0.32849858771196633,9291.775390625,ok,2,5,NVIDIA RTX 6000D,2.8.0+cu128
large,2,1024,36,403.575624525547,31.604837064484105,8536.638671875,ok,2,5,NVIDIA RTX 6000D,2.8.0+cu128
large,2,2048,0,983.8060349225998,0.33220524624166414,56483.6484375,ok,2,5,NVIDIA RTX 6000D,2.8.0+cu128
large,2,2048,4,1203.8730900734663,4.059583417884319,21837.013671875,ok,2,5,NVIDIA RTX 6000D,2.8.0+cu128
large,2,2048,12,1256.0258384793997,26.269392499194367,14105.751953125,ok,2,5,NVIDIA RTX 6000D,2.8.0+cu128
large,2,2048,36,1254.5075887814164,0.5350307147103268,11530.083984375,ok,2,5,NVIDIA RTX 6000D,2.8.0+cu128
